MarkerName	chr1	pos	alleles	imputed	pval	EffectOR	OR95CI	Genes	cyto	Effect_allele	Other_allele	Beta	Lower_CI_log	se	Comment	Proxy	Proxy R2	Proxy Dâ€™
rs479445	1	61341632	A/T	I	5.7E-13	0.946	[0.932:0.960]	C1orf87[]NFIA         	1p31.3  	A	T	-0.0555127099	-0.0704224643	0.0076071573				
rs1556867	1	164213686	C/T	I	2.7E-19	1.08	[1.062:1.098]	NUF2[]PBX1            	1q23.3  	C	T	0.0769610411	0.0601539228	0.0085752179				
rs2808510	1	200336075	C/T	I	3.1E-17	1.065	[1.049:1.081]	NR5A2[]ZNF281         	1q32.1  	C	T	0.0629747992	0.0478373294	0.0077233407				
rs2342406	2	45152748	C/T	I	7.8E-12	1.065	[1.046:1.085]	CAMKMT[]SIX3          	2p21    	C	T	0.0629747992	0.0449733656	0.0091845736				
rs61049169	2	146888708	A/G	I	3.4E-20	1.07	[1.054:1.085]	[]                    	2q22.3  	A	G	0.0676586485	0.0525924501	0.0076869771				
rs297589	2	157358750	A/T	I	5.8E-13	1.061	[1.044:1.078]	[GPD2]                	2q24.1  	A	T	0.0592118596	0.0430594895	0.0082411566				
rs17428076	2	172851936	C/G	I	3.2E-15	0.935	[0.919:0.951]	HAT1[]METAP1D         	2q31.1  	C	G	-0.0672087497	-0.0844691566	0.0088064918				
rs17400325	2	178565913	C/T	I	9.6E-21	0.844	[0.814:0.875]	[PDE11A]              	2q31.2  	C	T	-0.1696027844	-0.205794913	0.0184657109				
rs1550094	2	233385396	A/G	I	9.2E-35	1.102	[1.085:1.119]	[PRSS56]              	2q37.1  	A	G	0.0971267107	0.081579987	0.0079321476				
rs826220	3	24268677	C/T	I	2.3E-12	0.949	[0.936:0.963]	[THRB]                	3p24.2  	C	T	-0.0523464804	-0.0661398025	0.0070375385				
rs9866391	3	141076084	C/T	I	7.7E-19	1.069	[1.053:1.084]	[ZBTB38]              	3q23    	C	T	0.066723632	0.0516432332	0.0076942224				
rs13129838	4	80508788	C/T	I	2.6E-15	1.068	[1.051:1.086]	GK2[]ANTXR2           	4q21.21 	C	T	0.0657877405	0.0497420919	0.0081867058				
rs2799081	6	28270584	C/T	I	1.2E-12	0.943	[0.928:0.959]	PGBD1[]ZSCAN31        	6p22.1  	C	T	-0.0586889963	-0.0747235462	0.008181043				
rs2207136	6	50809720	C/T	I	1.5E-11	1.051	[1.036:1.066]	[TFAP2B]              	6p12.3  	C	T	0.0497420919	0.0353671438	0.0073342919				
rs7744813	6	73643289	A/C	I	1.9E-63	0.883	[0.871:0.896]	[KCNQ5]               	6q13    	A	C	-0.1244300784	-0.1381133021	0.0069813648				
rs1064583	6	116446576	A/G	I	1.6E-13	1.056	[1.041:1.072]	[NT5DC1:COL10A1]      	6q22.1  	A	G	0.0544881853	0.0401817896	0.0072993155				
rs12193446	6	129820038	A/G	I	5.4E-102	0.769	[0.751:0.788]	[LAMA2]               	6q22.33 	A	G	-0.2626643095	-0.2863496272	0.0120845677				
rs869422	8	40723970	A/G	I	4E-31	0.903	[0.887:0.918]	[ZMAT4]               	8p11.21 	A	G	-0.1020327256	-0.1199102967	0.0091213773				
rs10089517	8	60178721	A/C	I	6E-41	1.107	[1.091:1.124]	TOX[]CA8              	8q12.1  	A	C	0.1016536537	0.0870947069	0.0074281706				
rs10511652	9	18362865	A/G	I	2.3E-14	1.058	[1.043:1.073]	SH3GL2[]ADAMTSL1      	9p22.2  	A	G	0.0563803334	0.042101176	0.0072854182				
rs11145488	9	71770939	A/G	I	6.7E-21	0.92	[0.904:0.936]	FXN[]TJP2             	9q21.11 	A	G	-0.0833816089	-0.1009259186	0.0089513428				
rs4948523	10	60339098	A/C	I	2.8E-14	0.946	[0.933:0.960]	[BICC1]               	10q21.1 	A	C	-0.0555127099	-0.0693500781	0.0070600114				
rs10824518	10	79063542	A/T	I	3.3E-22	0.929	[0.916:0.943]	[KCNMA1]              	10q22.3 	A	T	-0.0736465402	-0.0877389143	0.0071901189				
rs56299331	10	114788436	C/T	I	1.1E-16	1.078	[1.059:1.098]	[TCF7L2]              	10q25.2 	C	T	0.0751074725	0.0573250666	0.0090728227				
rs1550870	11	18751041	C/T	I	9.9E-13	0.95	[0.936:0.963]	[PTPN5]               	11p15.1 	C	T	-0.0512932944	-0.0661398025	0.0075748882				
rs11606250	11	40149300	A/G	I	9.2E-66	0.845	[0.829:0.862]	[LRRC4C]              	11p12   	A	G	-0.1684186516	-0.1875351238	0.0097534813				
rs2155413	11	84634790	A/C	I	2.3E-25	0.927	[0.914:0.941]	[DLG2]                	11q14.1 	A	C	-0.0758017134	-0.0899247075	0.0072057416				
rs10892173	11	117672561	C/T	I	1.4E-11	1.051	[1.036:1.066]	DSCAML1[]FXYD6FXYD2   	11q23.3 	C	T	0.0497420919	0.0353671438	0.0073342919				
rs1793639	11	131931531	A/G	I	9.7E-16	1.061	[1.046:1.076]	[NTM]                 	11q25   	A	G	0.0592118596	0.0449733656	0.0072646712				
rs5442	12	6954864	A/G	I	2.3E-14	0.895	[0.870:0.921]	[GNB3]                	12p13.31	A	G	-0.1109315607	-0.1392620673	0.0144546056				
rs7968679	12	9313304	A/G	I	3.8E-12	1.057	[1.040:1.073]	[PZP]                 	12p13.31	A	G	0.0554347069	0.0392207132	0.0082725977				
rs3138141	12	56115778	A/C	I	1.5E-51	1.146	[1.126:1.167]	[RDH5]                	12q13.2 	A	C	0.1362776183	0.1186715297	0.0089828632				
rs9585327	13	100689354	A/G	I	8.9E-25	0.928	[0.915:0.941]	ZIC2[]PCCA            	13q32.3 	A	G	-0.0747235462	-0.0888312137	0.0071979218				
rs34217772	14	42273570	C/G	I	2E-16	1.081	[1.061:1.102]	[LRFN5]               	14q21.1 	C	G	0.0778865387	0.0592118596	0.0095280725				
rs2181346	14	54552428	A/T	I	4.7E-17	1.079	[1.060:1.098]	BMP4[]CDKN3           	14q22.2 	A	T	0.0760346863	0.0582689081	0.009064339				
rs524952	15	35005886	A/T	I	3.5E-62	0.886	[0.874:0.899]	GOLGA8B[]GJD2         	15q14   	A	T	-0.1210383284	-0.1346749033	0.006957564				
rs7162310	15	63571234	C/T	I	1.7E-11	0.943	[0.927:0.959]	[APH1B]               	15q22.2 	C	T	-0.0586889963	-0.0758017134	0.0087311385				
rs13380104	15	79378821	C/T	I	4.3E-18	1.066	[1.051:1.082]	[RASGRF1]             	15q25.1 	C	T	0.0639133257	0.0497420919	0.0072303542				
rs10500355	16	7459347	A/T	I	2E-63	0.881	[0.868:0.894]	[RBFOX1]              	16p13.3 	A	T	-0.126697653	-0.1415635643	0.0075847879				
rs2908972	17	11407259	A/T	I	5.3E-24	0.927	[0.914:0.941]	[SHISA6]              	17p12   	A	T	-0.0758017134	-0.0899247075	0.0072057416				
rs10512441	17	31239645	C/T	I	3.8E-12	1.065	[1.046:1.084]	MYO1D[]TMEM98         	17q11.2 	C	T	0.0629747992	0.0449733656	0.0091845736				
rs9747347	17	79606820	C/T	I	1.6E-18	1.074	[1.057:1.092]	NPLOC4[]TSPAN10       	17q25.3 	C	T	0.0713899961	0.0554347069	0.0081406032				
rs12965607	18	47391025	G/T	I	2.4E-16	0.918	[0.899:0.937]	[MYO5B]               	18q21.1 	G	T	-0.0855578884	-0.1064722445	0.0106707859				
rs73157695	21	47371947	A/G	I	5.1E-13	0.944	[0.929:0.959]	PCBP3[]COL6A1         	21q22.3 	A	G	-0.0576291128	-0.0736465402	0.0081723069				
